,SGDC,XGBoost,DNN
Accuracy,0.75196,0.83674,0.8387
Precision,0.6676114220931056,0.7892055713180294,0.786345838069976
Recall,0.5499328780715578,0.7143524193077686,0.7267262008988502
F1-score,0.6030851949049478,0.7499157501302044,0.7553614220280886
ROC-AUC,0.8098102469304633,0.9032697689316509,0.9067383450913227
