,SGDC,XGBoost,DNN
Accuracy,0.75196,0.83674,0.83936
Precision,0.6676114220931056,0.7892055713180294,0.7890491011878296
Recall,0.5499328780715578,0.7143524193077686,0.7250335609642211
F1-score,0.6030851949049478,0.7499157501302044,0.7556880399075313
ROC-AUC,0.8098102469304633,0.9032697689316509,0.907156985978188
