,Model 0,Model 1,Model 2,Model 3
Accuracy,0.83674,0.82796,0.82386,0.8409
Precision,0.7892055713180294,0.7976830204480424,0.7997983580584762,0.783726969209843
Recall,0.7143524193077686,0.6671336018210471,0.6482227280686395,0.7398587521157999
F1-score,0.7499157501302044,0.7265908079588075,0.716077242980109,0.7611613174407782
ROC-AUC,0.9032697689316509,0.8912863406971073,0.8922528848881264,0.9086189481975228
